{
  "file-explorer": true,
  "global-search": true,
  "switcher": true,
  "graph": true,
  "backlink": true,
  "outgoing-link": true,
  "tag-pane": true,
  "page-preview": true,
  "daily-notes": true,
  "templates": true,
  "note-composer": true,
  "command-palette": true,
  "slash-command": true,
  "editor-status": true,
  "starred": true,
  "markdown-importer": true,
  "zk-prefixer": false,
  "random-note": false,
  "outline": true,
  "word-count": true,
  "slides": false,
  "audio-recorder": false,
  "workspaces": false,
  "file-recovery": true,
  "publish": true,
  "sync": true,
  "canvas": true
}