{
  "command-palette:open": [
    {
      "modifiers": [
        "Mod",
        "Shift"
      ],
      "key": "P"
    }
  ],
  "workspace:export-pdf": [
    {
      "modifiers": [
        "Mod"
      ],
      "key": "P"
    }
  ],
  "markdown-importer:open": [
    {
      "modifiers": [
        "Alt",
        "Mod"
      ],
      "key": "F"
    }
  ],
  "obsidian-mind-map:app:markmap-preview": [
    {
      "modifiers": [
        "Mod"
      ],
      "key": "M"
    }
  ],
  "app:go-back": [
    {
      "modifiers": [
        "Alt"
      ],
      "key": "ArrowLeft"
    }
  ],
  "app:go-forward": [
    {
      "modifiers": [
        "Alt"
      ],
      "key": "ArrowRight"
    }
  ],
  "publish:view-changes": [
    {
      "modifiers": [
        "Mod"
      ],
      "key": " "
    }
  ],
  "editor:rename-heading": [
    {
      "modifiers": [
        "Mod"
      ],
      "key": "R"
    }
  ]
}