{
  "main": {
    "id": "70a2c3689cbdc6fd",
    "type": "split",
    "children": [
      {
        "id": "cfa6dcd661310ef2",
        "type": "tabs",
        "children": [
          {
            "id": "981695082bf4c76f",
            "type": "leaf",
            "state": {
              "type": "markdown",
              "state": {
                "file": "Linux Stuff/Arch Setup.md",
                "mode": "preview",
                "source": true
              }
            }
          }
        ]
      }
    ],
    "direction": "vertical"
  },
  "left": {
    "id": "6b3e63dcba9ab913",
    "type": "split",
    "children": [
      {
        "id": "91f27009c17d8f53",
        "type": "tabs",
        "children": [
          {
            "id": "7ea035e8debccdcf",
            "type": "leaf",
            "state": {
              "type": "search",
              "state": {
                "query": "",
                "matchingCase": false,
                "explainSearch": false,
                "collapseAll": false,
                "extraContext": false,
                "sortOrder": "alphabetical"
              }
            }
          },
          {
            "id": "92a4e1782e4d71e0",
            "type": "leaf",
            "state": {
              "type": "starred",
              "state": {}
            }
          },
          {
            "id": "868b6de59476b98e",
            "type": "leaf",
            "state": {
              "type": "file-explorer",
              "state": {
                "sortOrder": "alphabetical"
              }
            }
          }
        ],
        "currentTab": 2
      }
    ],
    "direction": "horizontal",
    "width": 344.5
  },
  "right": {
    "id": "326c2ffcca27ff40",
    "type": "split",
    "children": [
      {
        "id": "e1c6da3939728a57",
        "type": "tabs",
        "children": [
          {
            "id": "526d2d32defe9d52",
            "type": "leaf",
            "state": {
              "type": "backlink",
              "state": {
                "file": "Linux Stuff/Arch Setup.md",
                "collapseAll": false,
                "extraContext": false,
                "sortOrder": "alphabetical",
                "showSearch": false,
                "searchQuery": "",
                "backlinkCollapsed": true,
                "unlinkedCollapsed": false
              }
            }
          },
          {
            "id": "b2f73762aae2a411",
            "type": "leaf",
            "state": {
              "type": "outgoing-link",
              "state": {
                "file": "Linux Stuff/Arch Setup.md",
                "linksCollapsed": false,
                "unlinkedCollapsed": true
              }
            }
          },
          {
            "id": "9c65cac6d094711e",
            "type": "leaf",
            "state": {
              "type": "tag",
              "state": {
                "sortOrder": "frequency",
                "useHierarchy": true
              }
            }
          },
          {
            "id": "6bd3e5ee26316b52",
            "type": "leaf",
            "state": {
              "type": "outline",
              "state": {
                "file": "Linux Stuff/Arch Setup.md"
              }
            }
          }
        ],
        "currentTab": 3
      }
    ],
    "direction": "horizontal",
    "width": 300,
    "collapsed": true
  },
  "left-ribbon": {
    "hiddenItems": {
      "obsidian-markbase:Sync all Markbase projects": false,
      "switcher:Open quick switcher": false,
      "graph:Open graph view": false,
      "canvas:Create new canvas": false,
      "daily-notes:Open today's daily note": false,
      "templates:Insert template": false,
      "command-palette:Open command palette": false,
      "markdown-importer:Open format converter": false,
      "publish:Publish changes": false
    }
  },
  "active": "981695082bf4c76f",
  "lastOpenFiles": [
    "Linux Stuff/Bash Oneliners.md",
    "Networking/Automation/Network Automation.md",
    "Home.md",
    "Disable TCP Optimizations on Linux Machines.md",
    "Diagrams as Code.md",
    "cluster_nesting.png",
    "ChatGPT Prompts.md",
    "ccna.md",
    "signal-api.md",
    "Pentesting.md"
  ]
}